[
  {
    "id": "IDExample1",
    "text": "Why ask why?",
    "timestamp": 1673568000,
    "time_text": "3 months ago",
    "like_count": 0,
    "is_favorited": false,
    "author": "Joe",
    "author_id": "AuthorExample1",
    "author_thumbnail": "https://thumb.png",
    "author_is_uploader": false,
    "parent": "root"
  },
  {
    "id": "IDExample2",
    "text": "Optimism and placebos work well together.",
    "timestamp": 1676246400,
    "time_text": "2 months ago",
    "like_count": 0,
    "is_favorited": false,
    "author": "Bob",
    "author_id": "AuthorExample2",
    "author_thumbnail": "https://thumb.png",
    "author_is_uploader": false,
    "parent": "root"
  },
  {
    "id": "IDExample3",
    "text": "In depth coverage on the topic.",
    "timestamp": 1673568000,
    "time_text": "3 months ago",
    "like_count": 0,
    "is_favorited": false,
    "author": "Joe",
    "author_id": "AuthorExample3",
    "author_thumbnail": "https://thumb.png",
    "author_is_uploader": false,
    "parent": "root"
  }
]
